y,m,d,h,c
2018,1,2,11,1
2018,1,2,14,1
2018,1,2,19,1
2018,1,3,15,1
2018,1,3,16,1
2018,1,5,16,1
2018,1,6,20,1
2018,1,8,0,1
2018,1,8,13,1
2018,1,8,20,1
2018,1,9,20,1
2018,1,10,3,6
2018,1,10,9,16
2018,1,11,17,1
2018,1,11,19,1
2018,1,12,9,1
2018,1,12,13,8
2018,1,12,14,3
2018,1,12,15,2
2018,1,12,17,1
2018,1,12,18,4
2018,1,12,19,11
2018,1,12,22,4
2018,1,12,23,1
2018,1,13,0,5
2018,1,13,1,7
2018,1,13,10,1
2018,1,13,11,6
2018,1,13,12,3
2018,1,13,15,2
2018,1,13,16,1
2018,1,13,20,3
2018,1,13,21,2
2018,1,14,0,4
2018,1,14,11,1
2018,1,14,13,1
2018,1,14,14,2
2018,1,15,8,2
2018,1,15,11,2
2018,1,15,21,1
2018,1,16,9,1
2018,1,16,18,1
2018,1,17,15,4
2018,1,18,12,2
2018,1,18,23,3
2018,1,19,0,5
2018,1,19,1,4
2018,1,19,11,1
2018,1,19,18,2
2018,1,19,19,2
2018,1,21,20,1
2018,1,21,21,1
2018,1,21,22,5
2018,1,21,23,1
2018,1,22,10,1
2018,1,23,8,1
2018,1,24,9,2
2018,1,25,22,6
2018,1,26,21,1
2018,1,29,15,1
2018,1,30,11,1
2018,1,31,19,2
2018,2,1,14,1
2018,2,2,14,2
2018,2,5,11,1
2018,2,5,15,1
2018,2,6,5,3
2018,2,6,13,43
2018,2,6,14,72
2018,2,8,0,1
2018,2,8,5,4
2018,2,9,4,1
2018,2,10,6,1
2018,2,12,14,1
2018,2,12,15,1
2018,2,12,23,1
2018,2,13,22,1
2018,2,16,21,1
2018,2,18,1,1
2018,2,18,10,1
2018,2,18,16,1
2018,2,19,15,1
2018,2,20,22,1
2018,2,21,14,1
2018,2,21,17,8
2018,2,22,0,1
2018,2,24,18,5
2018,2,25,11,2
2018,2,25,13,1
2018,2,26,15,1
2018,2,26,18,1
2018,2,27,0,1
2018,3,2,20,1
2018,3,3,7,3
2018,3,3,9,1
2018,3,3,22,1
2018,3,4,17,2
2018,3,4,21,1
2018,3,5,15,1
2018,3,7,14,1
2018,3,8,0,1
2018,3,8,23,1
2018,3,12,9,1
2018,3,12,10,1
2018,3,12,14,1
2018,3,12,15,1
2018,3,12,21,1
2018,3,13,19,1
2018,3,14,16,3
2018,3,14,19,7
2018,3,14,20,1
2018,3,15,9,1
2018,3,15,18,1
2018,3,16,18,2
2018,3,16,22,1
2018,3,18,14,8
2018,3,19,16,1
2018,3,19,23,1
2018,3,20,22,1
2018,3,21,0,1
2018,3,21,23,4
2018,3,22,0,28
2018,3,22,1,25
2018,3,22,20,6
2018,3,22,21,36
2018,3,22,22,15
2018,3,23,0,46
2018,3,23,1,142
2018,3,23,2,43
2018,3,23,13,1
2018,3,23,20,3
2018,3,23,21,14
2018,3,23,23,4
2018,3,24,0,9
2018,3,24,9,4
2018,3,24,10,4
2018,3,24,20,14
2018,3,24,21,47
2018,3,24,22,34
2018,3,24,23,21
2018,3,25,0,31
2018,3,25,1,18
2018,3,25,5,1
2018,3,25,10,2
2018,3,25,11,10
2018,3,25,12,28
2018,3,25,13,5
2018,3,25,18,1
2018,3,25,19,30
2018,3,25,20,43
2018,3,25,21,58
2018,3,25,22,3
2018,3,26,10,1
2018,3,26,13,1
2018,3,27,8,1
2018,3,28,17,1
2018,3,29,0,7
2018,3,29,15,1
2018,3,29,18,3
2018,3,30,22,1
2018,3,31,9,1
2018,4,1,20,11
2018,4,1,21,5
2018,4,1,22,9
2018,4,2,13,3
2018,4,2,14,1
2018,4,2,15,9
2018,4,2,17,6
2018,4,2,19,1
2018,4,2,21,1
2018,4,2,22,5
2018,4,3,1,12
2018,4,3,2,17
2018,4,3,12,1
2018,4,4,2,2
2018,4,4,3,20
2018,4,4,4,4
2018,4,4,5,7
2018,4,4,6,2
2018,4,4,11,1
2018,4,4,14,6
2018,4,5,0,15
2018,4,5,1,26
2018,4,5,2,3
2018,4,5,19,1
2018,4,5,20,12
2018,4,5,21,6
2018,4,6,0,12
2018,4,6,1,14
2018,4,6,23,2
2018,4,7,0,1
2018,4,7,1,35
2018,4,7,2,19
2018,4,7,3,1
2018,4,7,11,1
2018,4,7,12,1
2018,4,7,21,7
2018,4,7,22,3
2018,4,8,14,8
2018,4,8,15,16
2018,4,8,18,7
2018,4,8,19,7
2018,4,9,12,1
2018,4,9,13,1
2018,4,9,14,1
2018,4,10,4,4
2018,4,10,17,13
2018,4,10,18,27
2018,4,10,20,6
2018,4,11,16,11
2018,4,11,17,6
2018,4,13,1,3
2018,4,14,3,2
2018,4,14,5,8
2018,4,16,14,1
2018,4,17,9,1
2018,4,20,0,3
2018,4,21,22,5
2018,4,22,7,3
2018,4,22,8,5
2018,4,22,12,6
2018,4,22,13,5
2018,4,22,14,5
2018,4,22,15,4
2018,4,22,16,5
2018,4,22,18,10
2018,4,22,19,22
2018,4,22,22,35
2018,4,22,23,10
2018,4,23,5,2
2018,4,23,6,2
2018,4,23,9,30
2018,4,24,7,6
2018,4,24,8,1
2018,4,24,9,4
2018,4,24,10,1
2018,4,24,13,6
2018,4,24,14,28
2018,4,24,16,1
2018,4,24,21,1
2018,4,25,11,1
2018,4,26,8,1
2018,4,26,11,1
2018,4,28,13,2
2018,4,29,14,2
2018,4,29,19,5
2018,4,30,13,1
2018,4,30,20,1
2018,5,1,7,4
2018,5,1,8,2
2018,5,1,13,1
2018,5,1,19,9
2018,5,1,20,14
2018,5,2,18,1
2018,5,3,8,2
2018,5,3,9,4
2018,5,3,18,12
2018,5,3,19,4
2018,5,4,8,3
2018,5,4,18,1
2018,5,6,14,1
2018,5,7,8,1
2018,5,7,14,2
2018,5,7,15,12
2018,5,7,16,5
2018,5,8,0,10
2018,5,8,1,59
2018,5,10,9,3
2018,5,10,11,6
2018,5,10,12,8
2018,5,12,20,5
2018,5,12,23,2
2018,5,13,0,15
2018,5,13,1,4
2018,5,13,10,2
2018,5,13,11,13
2018,5,13,12,9
2018,5,13,13,7
2018,5,13,14,1
2018,5,13,15,5
2018,5,13,16,41
2018,5,13,17,33
2018,5,13,18,25
2018,5,13,21,8
2018,5,13,22,4
2018,5,13,23,8
2018,5,14,8,1
2018,5,14,14,1
2018,5,15,16,1
2018,5,20,11,9
2018,5,20,12,5
2018,5,21,21,2
2018,5,22,6,1
2018,5,24,17,1
2018,5,25,7,6
2018,5,25,9,4
2018,5,25,10,2
2018,5,25,13,4
2018,5,25,14,1
2018,5,25,15,9
2018,5,25,16,6
2018,5,26,9,1
2018,5,26,11,16
2018,5,26,12,4
2018,5,26,18,1
2018,5,26,19,12
2018,5,26,20,4
2018,5,26,23,1
2018,5,27,0,8
2018,5,27,3,1
2018,5,28,5,1
2018,5,28,6,8
2018,5,28,7,8
2018,5,28,18,1
2018,5,28,19,2
2018,5,29,1,5
2018,5,29,13,9
2018,5,29,23,4
2018,5,30,17,1
2018,5,30,18,1
2018,5,30,22,2
2018,5,30,23,6
2018,5,31,1,1
2018,5,31,3,10
2018,5,31,15,2
2018,5,31,16,3
2018,5,31,21,6
2018,5,31,22,4
2018,6,1,0,10
2018,6,1,13,1
2018,6,1,15,12
2018,6,1,16,4
2018,6,1,19,2
2018,6,1,20,1
2018,6,1,21,8
2018,6,1,22,1
2018,6,2,2,1
2018,6,2,7,2
2018,6,2,8,5
2018,6,2,14,1
2018,6,2,15,1
2018,6,3,13,1
2018,6,3,14,2
2018,6,3,17,2
2018,6,3,18,1
2018,6,3,19,18
2018,6,3,20,6
2018,6,3,21,17
2018,6,3,22,10
2018,6,4,5,1
2018,6,4,14,1
2018,6,5,12,3
2018,6,5,17,2
2018,6,5,22,1
2018,6,6,16,2
2018,6,7,4,12
2018,6,7,5,4
2018,6,7,11,3
2018,6,7,13,1
2018,6,7,16,8
2018,6,7,17,7
2018,6,7,19,6
2018,6,7,20,5
2018,6,7,21,16
2018,6,7,22,7
2018,6,7,23,24
2018,6,8,0,6
2018,6,8,8,1
2018,6,8,10,1
2018,6,10,14,4
2018,6,10,15,24
2018,6,10,16,10
2018,6,10,17,25
2018,6,10,21,3
2018,6,11,15,5
2018,6,11,16,5
2018,6,11,22,1
2018,6,12,2,6
2018,6,12,10,3
2018,6,12,17,37
2018,6,12,18,11
2018,6,12,19,7
2018,6,12,20,1
2018,6,15,19,1
2018,6,16,1,1
2018,6,16,8,2
2018,6,17,19,1
2018,6,18,1,1
2018,6,18,12,1
2018,6,19,15,1
2018,6,20,16,1
2018,6,20,21,1
2018,6,21,9,1
2018,6,21,10,2
2018,6,21,14,2
2018,6,22,23,1
2018,6,23,7,4
2018,6,24,5,1
2018,6,24,6,1
2018,6,24,8,1
2018,6,25,15,1
2018,6,26,15,1
2018,6,26,16,1
2018,6,28,18,1
2018,6,29,11,18
2018,6,29,20,2
2018,6,29,23,1
2018,7,2,7,3
2018,7,2,11,1
2018,7,2,14,1
2018,7,2,22,31
2018,7,2,23,2
2018,7,3,3,41
2018,7,3,4,2
2018,7,3,6,1
2018,7,3,10,3
2018,7,3,12,1
2018,7,3,13,30
2018,7,3,14,1
2018,7,3,19,4
2018,7,3,21,6
2018,7,3,22,7
2018,7,4,14,3
2018,7,5,18,3
2018,7,5,19,3
2018,7,6,10,2
2018,7,7,23,1
2018,7,9,10,3
2018,7,9,11,1
2018,7,10,8,1
2018,7,10,19,1
2018,7,10,20,1
2018,7,11,2,2
2018,7,11,11,1
2018,7,13,14,1
2018,7,13,17,3
2018,7,13,18,14
2018,7,13,19,4
2018,7,13,23,2
2018,7,14,0,1
2018,7,14,9,1
2018,7,14,10,1
2018,7,14,17,11
2018,7,14,18,13
2018,7,14,19,2
2018,7,14,21,2
2018,7,15,21,6
2018,7,16,16,1
2018,7,17,2,6
2018,7,17,19,1
2018,7,17,20,2
2018,7,18,9,1
2018,7,18,11,2
2018,7,18,14,1
2018,7,18,15,2
2018,7,18,17,1
2018,7,18,18,1
2018,7,19,6,2
2018,7,19,9,2
2018,7,19,10,8
2018,7,19,13,10
2018,7,19,14,3
2018,7,19,19,1
2018,7,20,10,1
2018,7,20,14,1
2018,7,20,16,1
2018,7,21,13,1
2018,7,23,11,5
2018,7,23,12,2
2018,7,25,0,2
2018,7,25,11,1
2018,7,28,17,1
2018,7,29,18,1
2018,7,30,17,1
2018,8,1,11,1
2018,8,1,14,1
2018,8,2,15,2
2018,8,2,19,25
2018,8,2,20,31
2018,8,3,3,11
2018,8,3,4,8
2018,8,4,4,1
2018,8,4,23,4
2018,8,5,4,4
2018,8,5,8,1
2018,8,5,16,3
2018,8,5,21,1
2018,8,6,21,1
2018,8,7,1,39
2018,8,9,16,2
2018,8,9,17,18
2018,8,9,23,1
2018,8,10,13,4
2018,8,11,8,3
2018,8,11,9,1
2018,8,11,20,6
2018,8,11,23,2
2018,8,12,0,1
2018,8,12,7,14
2018,8,12,9,1
2018,8,12,11,6
2018,8,12,12,3
2018,8,14,10,3
2018,8,14,18,27
2018,8,14,19,2
2018,8,14,22,3
2018,8,15,1,1
2018,8,15,10,3
2018,8,17,20,1
2018,8,17,21,1
2018,8,18,10,2
2018,8,19,18,1
2018,8,19,23,1
2018,8,20,23,1
2018,8,21,2,3
2018,8,21,9,1
2018,8,21,18,2
2018,8,22,10,1
2018,8,22,20,4
2018,8,22,23,32
2018,8,23,0,23
2018,8,23,3,6
2018,8,23,5,5
2018,8,23,13,1
2018,8,23,14,2
2018,8,23,18,1
2018,8,23,19,6
2018,8,25,19,6
2018,8,25,20,4
2018,8,25,21,2
2018,8,25,23,2
2018,8,26,1,6
2018,8,26,2,6
2018,8,26,6,2
2018,8,26,13,1
2018,8,26,14,23
2018,8,26,19,22
2018,8,26,20,24
2018,8,26,21,15
2018,8,26,22,5
2018,8,26,23,1
2018,8,27,0,2
2018,8,27,1,2
2018,8,27,3,4
2018,8,27,12,1
2018,8,27,13,1
2018,8,27,15,1
2018,8,27,21,2
2018,8,28,9,2
2018,8,28,15,1
2018,8,29,23,5
2018,8,30,0,9
2018,8,30,1,16
2018,8,30,9,4
2018,8,30,14,1
2018,8,30,16,2
2018,8,30,18,9
2018,8,30,19,6
2018,8,30,23,6
2018,8,31,0,7
2018,8,31,11,1
2018,8,31,12,1
2018,8,31,14,1
2018,9,1,11,1
2018,9,1,17,8
2018,9,1,19,1
2018,9,2,1,1
2018,9,2,8,1
2018,9,2,14,1
2018,9,2,17,1
2018,9,2,18,2
2018,9,2,19,28
2018,9,2,21,4
2018,9,3,9,1
2018,9,3,12,2
2018,9,3,20,8
2018,9,4,8,1
2018,9,4,19,1
2018,9,6,9,1
2018,9,6,10,1
2018,9,6,12,3
2018,9,6,13,2
2018,9,6,15,5
2018,9,6,16,3
2018,9,6,23,3
2018,9,7,9,1
2018,9,7,12,3
2018,9,7,16,1
2018,9,7,17,1
2018,9,7,18,2
2018,9,7,22,1
2018,9,8,9,6
2018,9,8,10,3
2018,9,8,11,1
2018,9,8,13,2
2018,9,9,7,1
2018,9,9,20,1
2018,9,9,22,5
2018,9,10,2,1
2018,9,11,16,3
2018,9,12,4,30
2018,9,12,5,4
2018,9,12,9,6
2018,9,12,10,1
2018,9,12,13,1
2018,9,12,14,3
2018,9,12,19,3
2018,9,12,23,2
2018,9,13,13,5
2018,9,13,14,4
2018,9,13,20,1
2018,9,13,21,1
2018,9,14,9,2
2018,9,14,11,1
2018,9,15,17,14
2018,9,15,18,9
2018,9,15,19,11
2018,9,15,22,14
2018,9,18,17,14
2018,9,18,18,17
2018,9,18,19,2
2018,9,18,20,5
2018,9,18,21,1
2018,9,19,16,5
2018,9,19,17,7
2018,9,19,18,8
2018,9,19,19,1
2018,9,20,13,1
2018,9,20,14,6
2018,9,20,16,1
2018,9,20,17,11
2018,9,20,19,10
2018,9,21,18,1
2018,9,23,15,3
2018,9,23,16,1
2018,9,29,16,1
2018,9,29,17,1
2018,10,1,13,2
2018,10,2,6,1
2018,10,4,13,20
2018,10,5,6,1
2018,10,5,15,8
2018,10,5,21,2
2018,10,5,22,2
2018,10,8,6,1
2018,10,8,12,3
2018,10,8,17,1
2018,10,9,5,1
2018,10,9,6,2
2018,10,10,18,1
2018,10,11,0,6
2018,10,11,6,1
2018,10,11,19,1
2018,10,12,7,3
2018,10,12,10,4
2018,10,12,12,3
2018,10,13,1,5
2018,10,13,15,3
2018,10,14,11,4
2018,10,14,12,1
2018,10,14,18,20
2018,10,14,19,2
2018,10,15,22,3
2018,10,16,13,2
2018,10,16,14,10
2018,10,17,22,3
2018,10,18,17,1
2018,10,18,19,1
2018,10,18,22,1
2018,10,19,15,6
2018,10,19,21,1
2018,10,21,3,2
2018,10,21,4,2
2018,10,21,23,1
2018,10,22,13,1
2018,10,23,5,2
2018,10,23,7,1
2018,10,23,16,1
2018,10,23,17,3
2018,10,25,18,1
2018,10,27,23,1
2018,10,28,7,1
2018,10,28,21,3
2018,10,29,2,4
2018,10,29,10,1
2018,10,30,14,4
2018,10,30,23,1
2018,11,1,15,4
2018,11,1,18,2
2018,11,1,19,1
2018,11,2,14,1
2018,11,3,8,1
2018,11,3,20,3
2018,11,4,16,3
2018,11,5,13,1
2018,11,5,19,2
2018,11,6,8,1
2018,11,6,18,1
2018,11,6,22,1
2018,11,7,8,1
2018,11,7,19,1
2018,11,8,11,1
2018,11,8,15,2
2018,11,8,17,1
2018,11,9,9,2
2018,11,11,8,2
2018,11,11,15,1
2018,11,13,19,3
2018,11,13,20,2
2018,11,15,11,1
2018,11,15,13,1
2018,11,16,6,1
2018,11,16,11,8
2018,11,16,12,1
2018,11,18,7,1
2018,11,18,11,1
2018,11,19,14,1
2018,11,20,8,1
2018,11,21,7,1
2018,11,21,11,1
2018,11,21,15,1
2018,11,21,16,1
2018,11,22,18,3
2018,11,22,19,8
2018,11,22,20,9
2018,11,22,22,2
2018,11,24,21,3
2018,11,25,1,1
2018,11,26,9,1
2018,11,26,11,1
2018,11,26,21,1
2018,11,27,12,3
2018,11,27,23,2
2018,11,28,2,8
2018,11,28,8,8
2018,11,28,9,3
2018,11,28,14,4
2018,11,28,15,8
2018,11,28,18,3
2018,11,28,19,10
2018,11,28,20,5
2018,11,28,21,5
2018,11,28,22,5
2018,11,29,12,2
2018,11,29,15,1
2018,11,29,16,4
2018,11,29,17,1
2018,11,29,21,2
2018,11,29,22,5
2018,11,30,1,2
2018,11,30,6,5
2018,11,30,8,2
2018,11,30,14,2
2018,11,30,15,4
2018,12,1,10,1
2018,12,2,13,2
2018,12,2,17,1
2018,12,2,19,17
2018,12,2,20,13
2018,12,2,21,16
2018,12,2,22,12
2018,12,2,23,16
2018,12,3,0,3
2018,12,4,22,1
2018,12,5,9,1
2018,12,5,12,1
2018,12,6,11,1
2018,12,6,20,1
2018,12,7,6,1
2018,12,7,19,2
2018,12,7,20,17
2018,12,7,21,4
2018,12,8,6,1
2018,12,8,7,1
2018,12,8,8,1
2018,12,8,17,1
2018,12,8,19,1
2018,12,9,7,1
2018,12,10,7,1
2018,12,10,15,1
2018,12,10,20,10
2018,12,10,21,12
2018,12,11,0,1
2018,12,11,3,4
2018,12,11,12,29
2018,12,11,13,22
2018,12,12,4,38
2018,12,12,5,7
2018,12,12,7,1
2018,12,12,20,3
2018,12,13,15,2
2018,12,15,0,1
2018,12,15,1,7
2018,12,15,2,8
2018,12,15,3,2
2018,12,15,4,2
2018,12,15,5,12
2018,12,15,20,2
2018,12,16,1,13
2018,12,16,5,1
2018,12,18,14,1
2018,12,18,18,1
2018,12,21,20,1
2018,12,22,1,1
2018,12,22,17,1
2018,12,26,18,1
2018,12,27,6,1
2018,12,27,10,1
2018,12,28,12,1
2018,12,29,11,1
2018,12,29,22,1
2018,12,30,10,1
2018,12,31,9,1
2019,1,1,10,1
2019,1,1,12,1
2019,1,1,13,2
2019,1,1,14,5
2019,1,2,7,7
2019,1,3,5,23
2019,1,3,6,23
2019,1,3,7,6
2019,1,3,9,1
2019,1,3,17,11
2019,1,3,22,1
2019,1,4,9,1
2019,1,5,5,1
2019,1,5,20,1
2019,1,5,21,2
2019,1,6,6,3
2019,1,7,9,6
2019,1,9,15,1
2019,1,9,21,1
2019,1,10,14,1
2019,1,11,12,3
2019,1,11,15,1
2019,1,14,9,1
2019,1,16,18,1
2019,1,17,9,1
2019,1,17,12,4
2019,1,17,17,1
2019,1,18,15,9
2019,1,18,20,1
2019,1,19,12,1
2019,1,20,9,1
2019,1,20,18,1
2019,1,20,20,1
2019,1,21,0,6
2019,1,21,1,10
2019,1,21,2,3
2019,1,21,14,1
2019,1,22,11,1
2019,1,22,18,7
2019,1,22,19,1
2019,1,23,7,1
2019,1,23,8,1
2019,1,24,2,4
2019,1,24,3,8
2019,1,24,21,5
2019,1,25,1,1
2019,1,25,11,1
2019,1,26,1,1
2019,1,27,1,1
2019,1,28,10,2
2019,1,30,18,1
2019,1,30,21,3
2019,1,31,11,1
2019,1,31,15,1
2019,2,1,6,1
2019,2,1,8,10
2019,2,2,4,6
2019,2,2,9,3
2019,2,2,23,4
2019,2,3,0,1
2019,2,3,1,3
2019,2,3,3,4
2019,2,4,9,2
2019,2,4,15,1
2019,2,5,6,1
2019,2,5,10,3
2019,2,6,4,2
2019,2,6,19,1
2019,2,6,20,1
2019,2,6,23,1
2019,2,7,10,3
2019,2,8,8,3
2019,2,8,9,4
2019,2,8,10,2
2019,2,9,1,1
2019,2,9,9,2
2019,2,9,10,1
2019,2,9,12,1
2019,2,9,14,1
2019,2,10,7,1
2019,2,10,10,3
2019,2,10,12,1
2019,2,10,13,3
2019,2,11,14,3
2019,2,11,20,2
2019,2,11,23,1
2019,2,12,12,1
2019,2,12,19,23
2019,2,12,20,26
2019,2,12,22,2
2019,2,12,23,4
2019,2,13,0,5
2019,2,13,1,1
2019,2,13,9,4
2019,2,13,12,3
2019,2,13,15,1
2019,2,13,19,3
2019,2,14,0,9
2019,2,14,12,1
2019,2,15,9,1
2019,2,15,18,5
2019,2,15,21,4
2019,2,15,22,7
2019,2,15,23,3
2019,2,16,11,1
2019,2,17,4,2
2019,2,17,20,1
2019,2,17,22,1
2019,2,18,3,3
2019,2,18,6,1
2019,2,18,13,2
2019,2,18,15,2
2019,2,18,20,1
2019,2,20,11,14
2019,2,20,13,4
2019,2,21,15,1
2019,2,22,18,2
2019,2,23,1,5
2019,2,26,13,1
2019,2,26,20,2
2019,2,27,16,1
2019,2,27,18,3
2019,2,28,12,1
2019,2,28,17,1
2019,2,28,18,2
2019,2,28,22,1
2019,3,1,11,2
2019,3,1,18,1
2019,3,1,19,2
2019,3,2,1,6
2019,3,2,7,4
2019,3,2,8,5
2019,3,2,22,1
2019,3,4,20,5
2019,3,4,22,1
2019,3,4,23,51
2019,3,5,0,46
2019,3,5,6,1
2019,3,8,3,2
2019,3,8,6,4
2019,3,8,7,3
2019,3,8,8,1
2019,3,8,22,1
2019,3,8,23,2
2019,3,10,16,4
2019,3,10,18,10
2019,3,10,23,1
2019,3,11,15,1
2019,3,11,16,1
2019,3,11,23,1
2019,3,12,0,1
2019,3,12,5,2
2019,3,12,9,4
2019,3,12,14,1
2019,3,12,16,1
2019,3,12,17,1
2019,3,12,23,2
2019,3,13,0,17
2019,3,13,10,1
2019,3,13,13,2
2019,3,13,17,1
2019,3,14,14,1
2019,3,14,15,6
2019,3,14,21,1
2019,3,16,1,16
2019,3,16,2,6
2019,3,16,6,8
2019,3,16,7,9
2019,3,16,8,6
2019,3,16,9,8
2019,3,16,10,5
2019,3,16,11,7
2019,3,16,12,5
2019,3,16,13,1
2019,3,16,22,2
2019,3,17,0,30
2019,3,17,5,4
2019,3,17,6,5
2019,3,17,7,9
2019,3,17,8,1
2019,3,17,11,6
2019,3,18,0,3
2019,3,18,1,14
2019,3,18,2,1
2019,3,18,3,11
2019,3,18,4,29
2019,3,18,5,5
2019,3,18,9,2
2019,3,18,12,10
2019,3,18,13,1
2019,3,19,1,2
2019,3,19,2,3
2019,3,19,4,3
2019,3,19,6,5
2019,3,19,8,1
2019,3,19,9,2
2019,3,19,11,1
2019,3,19,12,7
2019,3,19,13,1
2019,3,19,14,8
2019,3,19,15,1
2019,3,19,16,8
2019,3,19,17,5
2019,3,19,18,5
2019,3,19,19,4
2019,3,20,1,3
2019,3,20,2,4
2019,3,20,4,3
2019,3,20,5,1
2019,3,20,7,2
2019,3,20,8,3
2019,3,20,9,4
2019,3,20,11,1
2019,3,21,16,2
2019,3,22,6,9
2019,3,22,11,10
2019,3,22,21,1
2019,3,23,9,2
2019,3,23,17,1
2019,3,24,7,3
2019,3,24,8,5
2019,3,24,9,21
2019,3,24,13,57
2019,3,24,14,7
2019,3,24,20,1
2019,3,25,11,3
2019,3,25,15,1
2019,3,26,9,3
2019,4,3,17,2
2019,4,3,18,3
2019,4,3,19,20
2019,4,3,20,2
2019,4,4,6,1
2019,4,4,13,1
2019,4,4,16,7
2019,4,4,23,9
2019,4,5,7,1
2019,4,5,12,1
2019,4,6,0,7
2019,4,6,1,6
2019,4,6,11,1
2019,4,6,12,1
2019,4,6,13,1
2019,4,7,4,1
2019,4,7,17,1
2019,4,8,0,17
2019,4,8,1,10
2019,4,8,10,1
2019,4,8,11,1
2019,4,8,12,6
2019,4,8,16,3
2019,4,8,17,1
2019,4,8,18,3
2019,4,9,0,4
2019,4,9,6,1
2019,4,10,13,1
2019,4,12,5,1
2019,4,12,6,1
2019,4,12,17,1
2019,4,13,14,1
2019,4,13,19,24
2019,4,13,22,5
2019,4,13,23,4
2019,4,14,0,6
2019,4,14,1,1
2019,4,14,17,1
2019,4,14,20,1
2019,4,14,23,1
2019,4,15,0,1
2019,4,15,7,2
2019,4,15,14,1
2019,4,16,1,8
2019,4,16,2,32
2019,4,17,14,1
2019,4,17,22,1
2019,4,18,12,1
2019,4,19,3,1
2019,4,20,1,11
2019,4,20,2,22
2019,4,20,6,1
2019,4,20,23,1
2019,4,21,18,2
2019,4,21,22,4
2019,4,22,0,3
2019,4,22,10,1
2019,4,22,11,1
2019,4,22,12,2
2019,4,22,13,5
2019,4,22,18,2
2019,4,22,19,8
2019,4,22,20,2
2019,4,23,6,1
2019,4,23,18,3
2019,4,23,19,11
2019,4,25,1,2
2019,4,25,2,2
2019,4,25,11,1
2019,4,25,17,1
2019,4,25,19,2
2019,4,25,21,5
2019,4,26,2,4
2019,4,27,10,1
2019,4,27,12,1
2019,4,28,6,2
2019,4,28,10,4
2019,4,28,11,8
2019,4,28,23,2
2019,4,29,3,1
2019,4,29,5,4
2019,4,29,14,1
2019,4,30,7,1
2019,4,30,10,1
2019,4,30,14,1
2019,4,30,15,1
2019,4,30,17,4
2019,4,30,18,3
2019,4,30,19,5
2019,4,30,21,14
2019,4,30,22,2
2019,5,1,1,1
2019,5,1,3,1
2019,5,1,14,4
2019,5,1,15,1
2019,5,1,18,1
2019,5,1,22,1
2019,5,1,23,2
2019,5,2,4,9
2019,5,2,5,4
2019,5,2,6,5
2019,5,2,7,5
2019,5,2,8,7
2019,5,2,23,2
2019,5,3,5,1
2019,5,3,8,11
2019,5,3,9,14
2019,5,3,10,1
2019,5,3,14,4
2019,5,3,16,1
2019,5,3,21,5
2019,5,3,22,4
2019,5,4,3,1
2019,5,4,5,2
2019,5,4,6,4
2019,5,4,13,1
2019,5,4,15,1
2019,5,5,3,1
2019,5,5,4,4
2019,5,5,5,6
2019,5,5,6,6
2019,5,5,8,2
2019,5,5,10,4
2019,5,5,11,13
2019,5,5,12,6
2019,5,5,23,1
2019,5,6,4,1
2019,5,6,14,1
2019,5,6,23,2
2019,5,7,0,8
2019,5,7,4,4
2019,5,7,5,1
2019,5,7,6,7
2019,5,7,9,3
2019,5,7,10,12
2019,5,7,11,1
2019,5,7,18,1
2019,5,8,3,1
2019,5,8,5,1
2019,5,8,10,1
2019,5,8,11,1
2019,5,9,2,1
2019,5,9,6,3
2019,5,9,10,2
2019,5,9,16,1
2019,5,10,9,2
2019,5,10,19,2
2019,5,10,20,2
2019,5,10,22,3
2019,5,11,0,1
2019,5,11,8,4
2019,5,11,9,4
2019,5,11,10,3
2019,5,11,11,1
2019,5,11,15,3
2019,5,11,16,7
2019,5,11,17,1
2019,5,11,18,4
2019,5,11,19,4
2019,5,11,20,13
2019,5,11,21,2
2019,5,12,8,2
2019,5,12,9,7
2019,5,12,10,5
2019,5,12,11,31
2019,5,12,12,43
2019,5,12,13,16
2019,5,12,14,5
2019,5,12,16,3
2019,5,12,17,3
2019,5,12,18,16
2019,5,12,19,16
2019,5,12,20,1
2019,5,12,23,7
2019,5,13,0,8
2019,5,13,9,2
2019,5,13,10,3
2019,5,13,12,4
2019,5,13,13,4
2019,5,13,14,5
2019,5,13,15,4
2019,5,13,16,9
2019,5,13,17,1
2019,5,14,6,1
2019,5,14,8,8
2019,5,14,9,13
2019,5,14,10,4
2019,5,14,11,4
2019,5,14,14,1
2019,5,15,3,2
2019,5,15,21,1
2019,5,16,14,1
2019,5,16,16,1
2019,5,16,19,1
2019,5,16,21,3
2019,5,16,22,3
2019,5,17,8,3
2019,5,17,9,1
2019,5,17,11,2
2019,5,17,12,3
2019,5,17,14,1
2019,5,17,19,3
2019,5,17,20,1
2019,5,18,12,3
2019,5,18,15,1
2019,5,18,20,1
2019,5,19,2,1
2019,5,19,13,3
2019,5,19,15,1
2019,5,19,16,1
2019,5,19,20,1
2019,5,20,17,2
2019,5,20,18,1
2019,5,21,1,1
2019,5,21,22,1
2019,5,22,6,1
2019,5,22,11,1
2019,5,22,15,1
2019,5,22,20,3
2019,5,22,21,1
2019,5,23,5,1
2019,5,23,9,1
2019,5,23,14,1
2019,5,23,17,1
2019,5,23,19,3
2019,5,23,22,1
2019,5,24,2,1
2019,5,24,7,1
2019,5,24,16,2
2019,5,24,17,1
2019,5,24,22,1
2019,5,25,1,1
2019,5,25,2,1
2019,5,25,4,1
2019,5,25,7,1
2019,5,25,10,1
2019,5,25,14,1
2019,5,25,16,1
2019,5,25,18,1
2019,5,25,21,2
2019,5,26,0,1
2019,5,26,2,1
2019,5,26,7,1
2019,5,26,8,104
2019,5,26,9,160
2019,5,26,10,65
2019,5,26,11,26
2019,5,26,12,24
2019,5,26,13,9
2019,5,26,14,97
2019,5,26,15,57
2019,5,26,16,2
2019,5,26,17,15
2019,5,26,18,92
2019,5,26,19,34
2019,5,27,15,1
2019,5,28,18,2
2019,5,29,8,9
2019,5,29,9,46
2019,5,29,10,37
2019,5,29,13,1
2019,5,30,12,29
2019,5,31,9,13
2019,5,31,10,8
2019,5,31,15,2
2019,5,31,16,2
2019,5,31,19,2
2019,6,1,5,1
2019,6,1,6,1
2019,6,1,18,54
2019,6,2,11,1
2019,6,3,10,2
2019,6,3,11,5
2019,6,3,20,7
2019,6,4,2,10
2019,6,4,15,1
2019,6,4,16,2
2019,6,6,9,1
2019,6,6,11,1
2019,6,6,12,1
2019,6,6,15,3
2019,6,6,17,1
2019,6,7,9,1
2019,6,7,10,1
2019,6,7,11,38
2019,6,7,13,1
2019,6,8,3,1
2019,6,8,9,1
2019,6,9,8,1
2019,6,12,4,1
2019,6,12,16,1
2019,6,12,18,27
2019,6,12,19,34
2019,6,13,8,1
2019,6,13,9,5
2019,6,13,10,12
2019,6,13,14,5
2019,6,13,15,10
2019,6,13,16,7
2019,6,13,18,4
2019,6,14,12,1
2019,6,15,0,1
2019,6,15,13,1
2019,6,15,17,1
2019,6,15,19,2
2019,6,20,22,1
2019,6,20,23,5
2019,6,21,3,3
2019,6,21,8,3
2019,6,21,9,1
2019,6,21,12,1
2019,6,22,18,2
2019,6,22,19,1
2019,6,23,6,3
2019,6,24,13,1
2019,6,24,15,2
2019,6,24,16,2
2019,6,24,18,1
2019,6,24,21,5
2019,6,28,8,21
2019,6,28,18,1
2019,6,28,19,1
2019,6,29,5,1
2019,6,29,21,1
2019,6,30,22,1
2019,7,1,10,2
2019,7,1,12,1
2019,7,2,14,2
2019,7,2,17,1
2019,7,2,19,1
2019,7,2,23,1
2019,7,3,18,1
2019,7,8,5,1
2019,7,10,0,15
2019,7,10,16,1
2019,7,11,5,2
2019,7,13,12,1
2019,7,16,16,3
2019,7,16,19,1
2019,7,19,4,1
2019,7,20,0,4
2019,7,20,22,1
2019,7,21,2,1
2019,7,21,13,1
2019,7,22,22,1
2019,7,23,0,1
2019,7,23,2,1
2019,7,23,18,1
2019,7,23,22,9
2019,7,25,7,2
2019,7,27,5,1
2019,7,28,1,1
2019,7,28,2,1
2019,7,30,8,2
2019,7,31,16,3
2019,7,31,21,2
2019,7,31,22,2
2019,8,1,4,2
2019,8,1,13,1
2019,8,1,17,3
2019,8,2,6,1
2019,8,3,3,1
2019,8,4,19,1
2019,8,5,7,1
2019,8,5,8,1
2019,8,7,6,1
2019,8,7,13,2
2019,8,8,5,5
2019,8,9,11,1
2019,8,9,18,1
2019,8,9,23,1
2019,8,10,0,1
2019,8,10,10,3
2019,8,10,11,3
2019,8,11,3,1
2019,8,14,13,1
2019,8,16,11,2
2019,8,16,23,1
2019,8,17,2,1
2019,8,17,4,1
2019,8,17,11,1
2019,8,19,19,1
2019,8,21,10,2
2019,8,21,11,2
2019,8,21,14,1
2019,8,22,21,1
2019,8,24,4,15
2019,8,24,5,7
2019,8,24,6,11
2019,8,24,7,1
2019,8,27,6,3
2019,8,27,7,1
2019,8,27,10,2
2019,8,27,11,2
2019,8,27,14,6
2019,8,27,20,25
2019,8,27,21,2
2019,8,28,6,2
2019,8,28,8,1
2019,8,28,9,1
2019,8,28,10,3
2019,8,28,12,2
2019,8,28,19,1
2019,8,28,23,1
2019,8,29,9,1
2019,8,30,3,1
2019,8,30,6,1
2019,8,30,7,1
2019,8,30,8,1
2019,8,30,9,2
2019,8,30,10,1
2019,8,31,19,1
2019,9,1,20,1
2019,9,1,21,1
2019,9,2,20,3
2019,9,3,13,1
2019,9,3,21,1
2019,9,4,5,1
2019,9,4,13,1
2019,9,5,15,1
2019,9,5,23,1
2019,9,6,5,1
2019,9,7,4,2
2019,9,7,14,1
2019,9,8,13,4
2019,9,9,5,2
2019,9,9,14,1
2019,9,9,18,1
2019,9,10,15,1
2019,9,10,16,2
2019,9,12,0,2
2019,9,12,1,2
2019,9,12,7,1
2019,9,12,14,4
2019,9,12,15,1
2019,9,12,22,1
2019,9,13,10,1
2019,9,13,14,1
2019,9,13,21,1
2019,9,14,12,1
2019,9,16,13,1
2019,9,18,13,1
2019,9,19,4,115
2019,9,19,12,1
2019,9,20,2,1
2019,9,20,12,1
2019,9,20,14,1
2019,9,20,19,1
2019,9,21,21,1
2019,9,23,15,3
2019,9,24,7,1
2019,9,24,11,1
2019,9,24,16,1
2019,9,24,19,3
2019,9,25,16,1
2019,9,26,13,1
2019,9,26,19,1
2019,9,27,2,4
2019,9,27,12,1
2019,9,27,20,2
2019,9,28,7,1
2019,9,28,15,1
2019,9,29,4,1
2019,9,29,18,1
2019,9,29,19,7
2019,9,30,8,2
2019,9,30,13,2
2019,9,30,14,16
2019,9,30,15,6
2019,9,30,17,1
2019,10,1,16,1
2019,10,1,18,1
2019,10,1,19,1
2019,10,1,20,3
2019,10,2,9,1
2019,10,2,13,12
2019,10,2,14,6
2019,10,3,2,4
2019,10,3,4,1
2019,10,3,8,2
2019,10,3,13,3
2019,10,3,14,1
2019,10,3,15,3
2019,10,3,19,1
2019,10,4,7,8
2019,10,4,8,11
2019,10,4,9,10
2019,10,4,10,3
2019,10,4,13,4
2019,10,4,14,7
2019,10,4,15,4
2019,10,4,16,5
2019,10,4,17,16
2019,10,4,18,14
2019,10,4,21,1
2019,10,5,7,4
2019,10,5,8,5
2019,10,5,9,2
2019,10,5,10,12
2019,10,5,15,11
2019,10,5,16,31
2019,10,5,19,31
2019,10,5,20,33
2019,10,5,23,5
2019,10,6,3,1
2019,10,6,8,62
2019,10,6,9,21
2019,10,6,10,38
2019,10,6,11,25
2019,10,6,12,32
2019,10,6,13,32
2019,10,6,14,26
2019,10,6,15,34
2019,10,6,16,13
2019,10,6,18,1
2019,10,6,20,13
2019,10,6,21,28
2019,10,7,10,5
2019,10,7,15,1
2019,10,7,16,4
2019,10,7,17,10
2019,10,7,18,14
2019,10,7,19,1
2019,10,7,20,3
2019,10,8,10,1
2019,10,8,11,1
2019,10,8,12,2
2019,10,8,19,2
2019,10,8,22,3
2019,10,9,0,2
2019,10,9,8,1
2019,10,9,12,1
2019,10,9,13,2
2019,10,9,19,1
2019,10,10,5,1
2019,10,10,7,1
2019,10,10,12,3
2019,10,10,13,3
2019,10,10,17,2
2019,10,10,18,16
2019,10,10,19,2
2019,10,11,6,1
2019,10,11,10,3
2019,10,11,13,1
2019,10,11,14,2
2019,10,11,15,10
2019,10,11,16,15
2019,10,11,17,18
2019,10,11,18,11
2019,10,11,22,1
2019,10,12,8,2
2019,10,12,9,22
2019,10,12,10,12
2019,10,12,11,10
2019,10,12,14,1
2019,10,12,15,9
2019,10,12,16,16
2019,10,12,17,34
2019,10,12,18,24
2019,10,13,8,4
2019,10,13,9,8
2019,10,13,10,5
2019,10,13,12,4
2019,10,13,13,4
2019,10,13,14,7
2019,10,13,15,11
2019,10,13,16,1
2019,10,14,13,3
2019,10,14,17,36
2019,10,14,18,17
2019,10,14,19,2
2019,10,15,3,6
2019,10,15,4,12
2019,10,15,5,22
2019,10,15,11,2
2019,10,15,12,2
2019,10,15,13,5
2019,10,16,7,1
2019,10,16,9,7
2019,10,16,10,2
2019,10,16,13,1
2019,10,16,14,1
2019,10,17,9,4
2019,10,17,10,2
2019,10,18,4,1
2019,10,18,15,2
2019,10,18,17,1
2019,10,18,18,10
2019,10,19,12,5
2019,10,19,13,3
2019,10,19,15,1
2019,10,19,16,1
2019,10,19,17,4
2019,10,19,18,18
2019,10,20,6,12
2019,10,20,7,6
2019,10,20,8,15
2019,10,20,9,7
2019,10,20,10,11
2019,10,20,13,8
2019,10,20,14,15
2019,10,20,15,21
2019,10,20,16,3
2019,10,20,17,1
2019,10,20,18,6
2019,10,21,9,5
2019,10,21,10,19
2019,10,21,11,11
2019,10,21,12,14
2019,10,21,14,1
2019,10,21,15,20
2019,10,21,16,8
2019,10,21,17,17
2019,10,21,18,27
2019,10,21,20,1
2019,10,22,3,1
2019,10,22,9,40
2019,10,22,12,1
2019,10,22,13,2
2019,10,22,14,1
2019,10,22,15,4
2019,10,22,16,6
2019,10,22,18,2
2019,10,22,20,1
2019,10,23,9,1
2019,10,23,14,6
2019,10,23,20,2
2019,10,24,12,2
2019,10,24,13,3
2019,10,24,14,3
2019,10,25,9,1
2019,10,25,12,1
2019,10,25,16,1
2019,10,25,17,1
2019,10,25,19,3
2019,10,25,23,1
2019,10,26,0,2
2019,10,26,18,2
2019,10,27,9,1
2019,10,27,11,1
2019,10,27,12,11
2019,10,27,13,2
2019,10,27,14,3
2019,10,27,15,1
2019,10,27,16,3
2019,10,27,17,5
2019,10,27,18,11
2019,10,27,19,8
2019,10,28,10,2
2019,10,28,11,2
2019,10,28,12,3
2019,10,28,13,2
2019,10,28,23,3
2019,10,29,0,3
2019,10,29,10,1
2019,10,29,11,2
2019,10,29,12,16
2019,10,29,13,28
2019,10,29,14,12
2019,10,29,22,1
2019,10,30,13,3
2019,10,30,14,1
2019,10,31,8,1
2019,10,31,9,1
2019,10,31,10,2
2019,10,31,12,1
2019,10,31,16,1
2019,10,31,17,1
2019,10,31,23,1
2019,11,1,14,9
2019,11,1,15,6
2019,11,1,16,7
2019,11,1,20,3
2019,11,1,22,4
2019,11,1,23,6
2019,11,2,0,6
2019,11,2,1,3
2019,11,2,2,8
2019,11,2,10,2
2019,11,2,13,3
2019,11,2,14,4
2019,11,2,15,8
2019,11,2,16,6
2019,11,2,17,6
2019,11,2,18,6
2019,11,2,19,1
2019,11,2,20,5
2019,11,2,22,2
2019,11,2,23,20
2019,11,3,0,14
2019,11,3,1,12
2019,11,3,2,3
2019,11,3,3,6
2019,11,3,10,6
2019,11,3,11,7
2019,11,3,12,8
2019,11,3,16,6
2019,11,3,17,5
2019,11,3,18,9
2019,11,3,23,2
2019,11,4,10,2
2019,11,4,18,3
2019,11,4,19,6
2019,11,4,22,5
2019,11,4,23,1
2019,11,5,0,1
2019,11,5,2,1
2019,11,5,7,1
2019,11,5,10,1
2019,11,5,15,2
2019,11,5,16,4
2019,11,6,2,1
2019,11,6,3,1
2019,11,6,6,3
2019,11,6,12,1
2019,11,6,18,33
2019,11,6,19,1
2019,11,6,20,5
2019,11,6,21,1
2019,11,6,22,10
2019,11,6,23,2
2019,11,7,0,16
2019,11,7,1,7
2019,11,7,2,9
2019,11,7,5,1
2019,11,7,7,2
2019,11,7,13,4
2019,11,7,17,1
2019,11,7,18,7
2019,11,7,19,1
2019,11,8,1,2
2019,11,8,11,2
2019,11,9,3,3
2019,11,9,10,1
2019,11,9,11,1
2019,11,9,13,1
2019,11,9,18,1
2019,11,9,20,1
2019,11,10,4,1
2019,11,10,19,2
2019,11,11,20,2
2019,11,12,15,2
2019,11,13,11,1
2019,11,13,16,2
2019,11,13,20,13
2019,11,13,21,2
2019,11,13,22,4
2019,11,14,7,1
2019,11,14,17,1
2019,11,14,18,1
2019,11,14,23,2
2019,11,15,10,1
2019,11,15,19,1
2019,11,16,19,2
2019,11,17,4,3
2019,11,17,12,1
2019,11,17,13,3
2019,11,17,15,1
2019,11,17,16,2
2019,11,17,17,1
2019,11,17,22,1
2019,11,18,2,1
2019,11,18,8,1
2019,11,18,12,8
2019,11,18,14,6
2019,11,18,15,3
2019,11,18,16,1
2019,11,18,18,1
2019,11,18,20,4
2019,11,18,21,1
2019,11,18,22,1
2019,11,19,1,20
2019,11,19,10,1
2019,11,19,11,2
2019,11,19,12,1
2019,11,19,14,2
2019,11,19,16,1
2019,11,19,18,3
2019,11,19,23,3
2019,11,20,0,2
2019,11,20,1,3
2019,11,20,3,1
2019,11,20,5,1
2019,11,20,11,3
2019,11,20,12,1
2019,11,20,13,1
2019,11,20,22,1
2019,11,21,6,1
2019,11,21,8,1
2019,11,21,11,1
2019,11,21,16,2
2019,11,21,18,1
2019,11,22,12,2
2019,11,22,17,1
2019,11,22,22,1
2019,11,23,1,2
2019,11,23,12,1
2019,11,23,15,12
2019,11,23,16,5
2019,11,23,19,2
2019,11,23,20,1
2019,11,23,21,11
2019,11,23,23,1
2019,11,24,0,5
2019,11,24,8,26
2019,11,24,10,15
2019,11,24,19,2
2019,11,25,6,78
2019,11,25,7,4
2019,11,25,8,3
2019,11,25,11,1
2019,11,25,12,1
2019,11,25,18,5
2019,11,26,10,1
2019,11,26,16,1
2019,11,26,18,2
2019,11,26,19,1
2019,11,26,23,1
2019,11,27,9,6
2019,11,27,11,3
2019,11,27,14,1
2019,11,27,18,2
2019,11,28,7,2
2019,11,28,8,1
2019,11,28,16,1
2019,11,28,17,1
2019,11,28,23,3
2019,11,29,0,1
2019,11,29,13,3
2019,11,29,14,3
2019,11,29,15,2
2019,11,29,17,2
2019,11,29,23,4
2019,11,30,3,1
2019,11,30,13,1
2019,11,30,14,1
2019,11,30,20,1
2019,11,30,23,3
2019,12,1,0,6
2019,12,1,7,1
2019,12,1,11,2
2019,12,2,11,1
2019,12,2,13,2
2019,12,2,17,1
2019,12,2,20,3
2019,12,2,21,8
2019,12,2,22,2
2019,12,2,23,5
2019,12,3,8,1
2019,12,3,12,1
2019,12,4,5,1
2019,12,4,15,2
2019,12,4,16,1
2019,12,4,21,1
2019,12,5,19,2
2019,12,6,6,3
2019,12,6,13,1
2019,12,6,16,3
2019,12,6,21,2
2019,12,7,10,1
2019,12,7,12,2
2019,12,7,19,2
2019,12,7,22,1
2019,12,8,9,2
2019,12,8,22,2
2019,12,8,23,1
2019,12,9,1,1
2019,12,9,8,2
2019,12,9,19,3
2019,12,9,23,1
2019,12,10,0,4
2019,12,10,1,3
2019,12,10,9,2
2019,12,10,10,2
2019,12,10,12,1
2019,12,10,17,2
2019,12,10,19,2
2019,12,11,1,1
2019,12,11,11,2
2019,12,11,15,1
2019,12,11,19,3
2019,12,11,23,4
2019,12,12,4,1
2019,12,12,12,1
2019,12,12,13,1
2019,12,12,15,1
2019,12,13,12,1
2019,12,13,15,1
2019,12,13,16,4
2019,12,13,18,3
2019,12,13,22,1
2019,12,14,2,3
2019,12,14,9,1
2019,12,14,10,2
2019,12,14,11,1
2019,12,15,7,1
2019,12,15,12,7
2019,12,15,13,2
2019,12,15,14,2
2019,12,15,18,1
2019,12,15,23,1
2019,12,16,1,1
2019,12,16,2,1
2019,12,16,6,1
2019,12,16,12,2
2019,12,16,17,1
2019,12,17,7,4
2019,12,17,8,1
2019,12,17,12,2
2019,12,17,14,1
2019,12,17,19,1
2019,12,18,2,2
2019,12,18,9,2
2019,12,18,14,2
2019,12,18,17,1
2019,12,19,15,2
2019,12,19,17,1
2019,12,19,20,1
2019,12,20,6,1
2019,12,20,10,4
2019,12,20,11,4
2019,12,20,18,1
2019,12,21,13,1
2019,12,21,14,1
2019,12,21,15,1
2019,12,21,21,4
2019,12,22,3,1
2019,12,22,7,2
2019,12,22,8,5
2019,12,22,9,1
2019,12,22,10,4
2019,12,22,11,1
2019,12,22,12,1
2019,12,22,13,1
2019,12,22,14,4
2019,12,22,19,5
2019,12,22,20,1
2019,12,22,22,4
2019,12,22,23,3
2019,12,23,5,1
2019,12,23,16,1
2019,12,23,17,1
2019,12,24,14,2
2019,12,25,17,2
2019,12,25,20,1
2019,12,26,17,1
2019,12,26,18,1
2019,12,27,5,4
2019,12,27,9,1
2019,12,27,10,1
2019,12,27,19,1
2019,12,27,20,2
2019,12,27,21,2
2019,12,27,22,10
2019,12,28,19,2
2019,12,28,22,1
2019,12,29,8,1
2019,12,29,10,6
2019,12,29,14,2
2019,12,29,19,2
2019,12,29,23,1
2019,12,30,6,14
2019,12,30,10,8
2019,12,30,11,7
2019,12,30,12,25
2019,12,30,13,11
2019,12,30,14,3
2019,12,30,19,1
2019,12,30,20,2
2019,12,30,22,5
2019,12,30,23,1
2019,12,31,5,5
2019,12,31,11,1
2019,12,31,12,1
2019,12,31,13,1
2019,12,31,15,1
2019,12,31,16,1
2020,1,1,5,2
2020,1,1,6,20
2020,1,1,7,5
2020,1,1,8,47
2020,1,1,15,2
2020,1,1,17,6
2020,1,1,18,8
2020,1,1,19,31
2020,1,1,20,5
2020,1,1,21,1
2020,1,1,23,5
2020,1,2,0,10
2020,1,2,1,6
2020,1,2,9,2
2020,1,2,10,3
2020,1,2,11,3
2020,1,2,12,3
2020,1,2,13,1
2020,1,3,0,1
2020,1,3,6,2
2020,1,3,12,2
2020,1,3,13,2
2020,1,3,15,5
2020,1,4,8,3
2020,1,4,9,2
2020,1,4,15,1
2020,1,4,16,1
2020,1,5,4,1
2020,1,5,7,1
2020,1,5,16,9
2020,1,5,17,7
2020,1,5,19,7
2020,1,5,21,2
2020,1,6,8,3
2020,1,6,9,1
2020,1,6,14,1
2020,1,6,15,1
2020,1,6,16,4
2020,1,6,17,8
2020,1,6,18,4
2020,1,6,23,2
2020,1,7,17,2
2020,1,8,7,1
2020,1,8,8,2
2020,1,9,9,7
2020,1,9,10,1
2020,1,9,23,2
2020,1,10,7,1
2020,1,10,8,2
2020,1,10,9,2
2020,1,10,11,4
2020,1,11,11,2
2020,1,12,12,2
2020,1,13,9,2
2020,1,14,3,2
2020,1,14,11,2
2020,1,15,11,3
2020,1,15,16,2
2020,1,16,4,1
2020,1,16,15,1
2020,1,16,16,2
2020,1,17,11,2
2020,1,18,6,1
2020,1,18,16,2
2020,1,19,7,2
2020,1,20,18,2
2020,1,20,20,1
2020,1,21,9,2
2020,1,21,16,1
2020,1,21,17,1
2020,1,22,3,6
2020,1,22,4,2
2020,1,22,11,1
2020,1,22,13,10
2020,1,22,14,2
2020,1,22,19,1
2020,1,22,23,1
2020,1,23,0,4
2020,1,23,5,1
2020,1,23,6,1
2020,1,23,11,8
2020,1,23,19,1
2020,1,23,20,2
2020,1,24,5,1
2020,1,24,7,1
2020,1,24,8,3
2020,1,24,20,1
2020,1,25,1,1
2020,1,25,2,1
2020,1,25,3,8
2020,1,25,11,2
2020,1,25,16,3
2020,1,25,17,4
2020,1,26,7,1
2020,1,26,11,1
2020,1,26,14,2
2020,1,27,15,1
2020,1,27,17,2
2020,1,27,20,1
2020,1,28,5,2
2020,1,28,18,1
2020,1,29,0,6
2020,1,29,14,1
2020,1,29,15,2
2020,1,29,16,1
2020,1,29,22,3
2020,1,29,23,3
2020,1,30,11,1
2020,1,30,14,1
2020,1,30,17,5
2020,1,30,18,2
2020,1,31,9,1
2020,1,31,10,1
2020,1,31,11,1
2020,1,31,12,4
2020,1,31,15,1
2020,1,31,16,1
2020,2,1,13,3
2020,2,1,14,29
2020,2,2,6,4
2020,2,2,7,7
2020,2,2,8,2
2020,2,2,11,2
2020,2,2,15,2
2020,2,2,16,3
2020,2,2,22,1
2020,2,2,23,2
2020,2,3,1,1
2020,2,3,17,2
2020,2,4,2,1
2020,2,4,6,2
2020,2,4,17,1
2020,2,4,19,4
2020,2,4,23,1
2020,2,5,3,2
2020,2,5,4,8
2020,2,5,6,1
2020,2,5,8,6
2020,2,5,9,5
2020,2,5,14,1
2020,2,5,16,2
2020,2,6,0,5
2020,2,6,11,1
2020,2,6,16,1
2020,2,6,20,2
2020,2,6,21,20
2020,2,6,22,1
2020,2,7,11,5
2020,2,7,12,6
2020,2,7,13,3
2020,2,7,14,5
2020,2,7,15,6
2020,2,7,19,2
2020,2,8,0,1
2020,2,8,8,1
2020,2,8,11,1
2020,2,8,14,1
2020,2,8,18,1
2020,2,9,6,1
2020,2,9,7,1
2020,2,9,8,1
2020,2,9,9,1
2020,2,9,10,1
2020,2,9,12,13
2020,2,9,13,1
2020,2,10,4,1
2020,2,10,12,2
2020,2,11,10,4
2020,2,11,12,2
2020,2,11,14,1
2020,2,11,15,1
2020,2,11,19,1
2020,2,11,22,3
2020,2,12,10,1
2020,2,12,12,3
2020,2,12,16,5
2020,2,12,17,4
2020,2,12,21,1
2020,2,13,0,1
2020,2,13,5,1
2020,2,13,19,2
2020,2,14,4,1
2020,2,14,16,2
2020,2,14,22,6
2020,2,14,23,1
2020,2,15,9,5
2020,2,15,10,49
2020,2,15,11,5
2020,2,15,17,4
2020,2,16,0,1
2020,2,16,17,1
2020,2,16,18,2
2020,2,16,21,2
2020,2,16,22,3
2020,2,17,9,1
2020,2,17,13,1
2020,2,17,16,2
2020,2,17,18,9
2020,2,17,20,1
2020,2,18,7,4
2020,2,18,8,10
2020,2,18,10,3
2020,2,18,11,3
2020,2,19,3,2
2020,2,19,18,2
2020,2,19,19,2
2020,2,19,20,2
2020,2,19,22,4
2020,2,19,23,2
2020,2,20,6,1
2020,2,20,7,1
2020,2,20,8,1
2020,2,20,9,2
2020,2,20,10,1
2020,2,20,11,3
2020,2,20,12,1
2020,2,20,15,2
2020,2,20,23,1
2020,2,21,5,1
2020,2,21,12,6
2020,2,21,13,3
2020,2,21,14,8
2020,2,21,15,3
2020,2,21,16,3
2020,2,21,17,1
2020,2,21,18,1
2020,2,21,19,1
2020,2,21,21,19
2020,2,21,22,1
2020,2,22,8,1
2020,2,22,13,1
2020,2,22,14,2
2020,2,22,17,3
2020,2,22,23,1
2020,2,23,0,1
2020,2,23,11,1
2020,2,23,13,1
2020,2,23,19,2
2020,2,24,11,1
2020,2,24,12,2
2020,2,24,13,3
2020,2,24,15,2
2020,2,24,22,1
2020,2,25,12,1
2020,2,25,14,1
2020,2,25,15,1
2020,2,25,16,1
2020,2,25,23,5
2020,2,26,1,1
2020,2,26,9,2
2020,2,26,12,22
2020,2,26,14,1
2020,2,26,20,3
2020,2,26,21,1
2020,2,27,5,1
2020,2,27,9,1
2020,2,27,17,2
2020,2,28,8,1
2020,2,28,9,5
2020,2,28,12,1
2020,2,28,18,1
2020,2,28,19,3
2020,2,28,21,1
2020,2,28,23,2
2020,2,29,2,1
2020,2,29,6,14
2020,2,29,7,18
2020,2,29,8,24
2020,2,29,16,4
2020,2,29,19,1
2020,2,29,20,2
2020,2,29,22,4
2020,2,29,23,1
2020,3,1,7,1
2020,3,1,10,1
2020,3,1,11,1
2020,3,1,15,3
2020,3,1,17,1
2020,3,1,19,1
2020,3,2,2,1
2020,3,2,9,2
2020,3,2,19,2
2020,3,3,5,1
2020,3,3,6,1
2020,3,3,13,1
2020,3,3,18,2
2020,3,4,1,1
2020,3,4,8,1
2020,3,4,9,5
2020,3,4,10,2
2020,3,4,11,1
2020,3,4,12,1
2020,3,4,21,2
2020,3,4,22,1
2020,3,4,23,3
2020,3,5,6,1
2020,3,5,8,1
2020,3,5,18,2
2020,3,5,21,4
2020,3,6,6,7
2020,3,6,7,2
2020,3,6,9,1
2020,3,6,15,2
2020,3,6,16,2
2020,3,6,17,1
2020,3,6,19,4
2020,3,6,21,1
2020,3,7,5,1
2020,3,7,11,2
2020,3,7,17,2
2020,3,7,22,1
2020,3,8,8,1
2020,3,8,10,1
2020,3,8,18,4
2020,3,8,19,2
2020,3,8,20,2
2020,3,8,23,1
2020,3,9,1,1
2020,3,9,17,1
2020,3,9,18,1
2020,3,9,23,2
2020,3,10,0,2
2020,3,10,1,2
2020,3,10,12,1
2020,3,10,14,1
2020,3,10,15,2
2020,3,10,20,2
2020,3,11,10,2
2020,3,11,18,3
2020,3,11,21,1
2020,3,11,23,1
2020,3,12,7,1
2020,3,12,13,12
2020,3,12,17,4
2020,3,12,18,1
2020,3,12,19,1
2020,3,12,22,4
2020,3,12,23,4
2020,3,13,10,1
2020,3,13,16,1
2020,3,13,19,2
2020,3,13,22,1
2020,3,14,9,1
2020,3,14,10,2
2020,3,14,11,2
2020,3,14,13,1
2020,3,14,21,1
2020,3,14,23,1
2020,3,15,9,1
2020,3,15,10,4
2020,3,15,19,2
2020,3,15,20,1
2020,3,15,23,1
2020,3,16,1,1
2020,3,16,3,5
2020,3,16,15,2
2020,3,16,18,1
2020,3,16,23,1
2020,3,17,1,1
2020,3,17,9,2
2020,3,17,13,1
2020,3,17,15,1
2020,3,17,17,1
2020,3,17,21,1
2020,3,18,0,1
2020,3,18,3,4
2020,3,18,5,3
2020,3,18,12,1
2020,3,18,18,1
2020,3,18,21,1
2020,3,18,22,2
2020,3,19,0,1
2020,3,19,9,1
2020,3,19,11,3
2020,3,19,12,2
2020,3,19,13,4
2020,3,19,20,2
2020,3,20,15,1
2020,3,20,17,1
2020,3,20,21,1
2020,3,20,23,1
2020,3,21,0,1
2020,3,21,4,2
2020,3,21,16,1
2020,3,21,17,1
2020,3,21,20,2
2020,3,21,21,1
2020,3,22,2,1
2020,3,22,3,24
2020,3,22,10,4
2020,3,22,11,1
2020,3,22,13,9
2020,3,22,14,12
2020,3,22,15,2
2020,3,22,18,2
2020,3,23,1,2
2020,3,23,4,1
2020,3,23,8,2
2020,3,23,20,1
2020,3,24,3,1
2020,3,24,14,1
2020,3,24,15,1
2020,3,25,7,8
2020,3,25,10,1
2020,3,25,13,2
2020,3,26,10,2
2020,3,26,11,2
2020,3,26,13,1
2020,3,26,19,1
2020,3,27,8,2
2020,3,27,10,1
2020,3,27,17,1
2020,3,28,7,4
2020,3,28,10,2
2020,3,28,17,2
2020,3,28,20,3
2020,3,28,22,1
2020,3,29,6,2
2020,3,29,10,2
2020,3,29,12,2
2020,3,30,2,2
2020,3,30,9,3
2020,3,30,10,3
2020,3,31,1,2
2020,3,31,11,4
2020,4,1,2,2
2020,4,1,8,1
2020,4,1,14,2
2020,4,1,15,12
2020,4,1,16,21
2020,4,2,4,1
2020,4,2,9,3
2020,4,2,12,3
2020,4,2,23,1
2020,4,3,6,3
2020,4,3,15,1
2020,4,3,19,2
2020,4,3,21,4
2020,4,4,0,11
2020,4,4,7,1
2020,4,4,10,1
2020,4,4,11,2
2020,4,5,4,1
2020,4,5,7,1
2020,4,5,11,1
2020,4,6,4,1
2020,4,6,5,1
2020,4,6,14,3
2020,4,6,15,1
2020,4,7,4,1
2020,4,7,7,1
2020,4,7,8,1
2020,4,7,14,2
2020,4,7,17,1
2020,4,7,18,2
2020,4,8,1,1
2020,4,8,8,1
2020,4,8,10,1
2020,4,8,18,1
2020,4,8,19,3
2020,4,9,8,3
2020,4,9,9,1
2020,4,9,10,1
2020,4,9,11,2
2020,4,10,3,3
2020,4,10,8,1
2020,4,10,11,2
2020,4,10,12,8
2020,4,10,13,16
2020,4,10,15,4
2020,4,10,16,1
2020,4,10,17,2
2020,4,10,20,1
2020,4,11,8,2
2020,4,11,12,1
2020,4,11,17,1
2020,4,11,18,2
2020,4,11,22,1
2020,4,12,6,1
2020,4,12,7,1
2020,4,12,10,2
2020,4,12,13,1
2020,4,12,23,1
2020,4,13,1,1
2020,4,13,13,2
2020,4,13,17,2
2020,4,14,8,1
2020,4,14,15,2
2020,4,14,19,2
2020,4,15,1,1
2020,4,15,10,3
2020,4,15,15,1
2020,4,15,19,3
2020,4,16,4,1
2020,4,16,9,2
2020,4,16,10,1
2020,4,16,11,1
2020,4,16,18,1
2020,4,17,3,1
2020,4,17,5,2
2020,4,17,8,1
2020,4,17,19,2
2020,4,18,3,1
2020,4,18,13,2
2020,4,18,20,2
2020,4,19,2,1
2020,4,19,19,1
2020,4,19,20,1
2020,4,20,7,1
2020,4,20,11,1
2020,4,20,12,1
2020,4,20,18,1
2020,4,20,19,1
2020,4,21,14,1
2020,4,21,18,1
2020,4,21,19,1
2020,4,21,20,1
2020,4,22,18,2
2020,4,23,10,1
2020,4,23,19,1
2020,4,23,21,1
2020,4,24,7,1
2020,4,24,8,1
2020,4,24,15,1
2020,4,24,20,2
2020,4,25,10,2
2020,4,25,18,1
2020,4,25,20,2
2020,4,26,18,2
2020,4,26,19,1
2020,4,27,19,3
2020,4,27,20,1
2020,4,27,21,1
2020,4,28,4,2
2020,4,28,12,3
2020,4,28,13,2
2020,4,28,15,1
2020,4,28,17,7
2020,4,28,18,1
2020,4,28,21,2
2020,4,28,22,1
2020,4,29,3,1
2020,4,29,5,1
2020,4,29,8,1
2020,4,29,13,1
2020,4,29,17,1
2020,4,29,19,3
2020,4,29,20,1
2020,4,29,22,1
2020,4,30,3,2
2020,4,30,5,1
2020,4,30,22,1
2020,5,1,1,1
2020,5,1,9,1
2020,5,1,15,1
2020,5,1,17,1
2020,5,1,18,4
2020,5,1,22,1
2020,5,1,23,1
2020,5,2,5,1
2020,5,2,6,1
2020,5,2,9,5
2020,5,2,19,2
2020,5,2,21,1
2020,5,2,22,1
2020,5,3,16,3
2020,5,3,17,1
2020,5,3,18,1
2020,5,3,20,1
2020,5,3,21,1
2020,5,4,9,3
2020,5,4,11,3
2020,5,4,12,1
2020,5,4,15,3
2020,5,4,18,2
2020,5,5,7,1
2020,5,5,8,1
2020,5,5,12,1
2020,5,5,16,5
2020,5,6,7,2
2020,5,6,8,10
2020,5,6,12,2
2020,5,6,13,4
2020,5,6,14,34
2020,5,6,15,9
2020,5,6,23,1
2020,5,7,6,2
2020,5,7,19,1
2020,5,8,16,1
2020,5,8,17,3
2020,5,8,19,1
2020,5,8,23,1
2020,5,9,2,1
2020,5,9,4,3
2020,5,9,10,1
2020,5,9,11,1
2020,5,9,12,1
2020,5,9,13,5
2020,5,9,14,5
2020,5,9,15,1
2020,5,10,5,1
2020,5,10,11,2
2020,5,10,14,1
2020,5,10,20,1
2020,5,11,8,1
2020,5,11,13,2
2020,5,11,17,1
2020,5,12,8,1
2020,5,12,17,2
2020,5,12,18,3
2020,5,12,19,1
2020,5,13,1,1
2020,5,13,6,2
2020,5,13,8,1
2020,5,13,19,1
2020,5,13,23,1
2020,5,14,4,1
2020,5,14,7,1
2020,5,14,8,1
2020,5,14,9,1
2020,5,14,10,2
2020,5,15,3,1
2020,5,15,16,1
2020,5,15,18,2
2020,5,16,15,1
2020,5,16,18,2
2020,5,16,19,1
2020,5,16,20,1
2020,5,17,2,1
2020,5,17,5,1
2020,5,17,6,1
2020,5,17,10,2
2020,5,17,11,2
2020,5,17,18,2
2020,5,18,2,1
2020,5,18,9,3
2020,5,18,22,1
2020,5,19,5,1
2020,5,19,12,2
2020,5,19,14,2
2020,5,19,16,1
2020,5,19,17,1
2020,5,20,0,1
2020,5,20,8,1
2020,5,20,13,2
2020,5,20,21,1
2020,5,21,18,1
2020,5,22,5,1
2020,5,22,8,1
2020,5,22,9,2
2020,5,22,11,1
2020,5,22,20,1
2020,5,22,22,1
2020,5,23,8,1
2020,5,23,10,2
2020,5,23,23,1
2020,5,24,7,1
2020,5,24,10,1
2020,5,24,17,1
2020,5,24,19,1
2020,5,24,20,1
2020,5,25,2,1
2020,5,25,3,5
2020,5,25,9,1
2020,5,25,10,1
2020,5,26,10,1
2020,5,26,17,1
2020,5,26,18,2
2020,5,26,19,2
2020,5,26,21,1
2020,5,27,15,2
2020,5,28,14,1
2020,5,28,16,2
2020,5,29,8,1
2020,5,29,15,1
2020,5,29,19,1
2020,5,29,20,1
2020,5,30,10,1
2020,5,30,21,4
2020,5,31,0,6
2020,5,31,8,1
2020,5,31,9,1
2020,5,31,13,1
2020,5,31,15,3
2020,5,31,16,1
2020,5,31,18,1
2020,6,1,5,6
2020,6,1,11,1
2020,6,1,19,2
2020,6,2,1,1
2020,6,2,11,1
2020,6,2,18,2
2020,6,3,14,2
2020,6,3,17,1
2020,6,4,7,2
2020,6,4,8,1
2020,6,4,10,1
2020,6,4,11,5
2020,6,4,16,1
2020,6,4,17,2
2020,6,5,1,1
2020,6,5,8,6
2020,6,5,12,3
2020,6,5,13,5
2020,6,5,14,1
2020,6,5,16,4
2020,6,5,21,1
2020,6,6,8,1
2020,6,6,9,1
2020,6,6,10,1
2020,6,7,1,1
2020,6,7,8,1
2020,6,7,18,2
2020,6,8,0,1
2020,6,8,15,2
2020,6,8,22,1
2020,6,9,4,3
2020,6,9,8,2
2020,6,9,10,1
2020,6,9,16,1
2020,6,9,21,1
2020,6,9,22,4
2020,6,10,7,1
2020,6,10,12,2
2020,6,10,13,18
2020,6,10,14,2
2020,6,10,21,2
2020,6,10,22,2
2020,6,11,2,8
2020,6,11,4,2
2020,6,11,5,2
2020,6,11,8,2
2020,6,11,10,12
2020,6,11,11,5
2020,6,11,12,3
2020,6,11,13,6
2020,6,11,19,3
2020,6,11,21,3
2020,6,12,3,1
2020,6,12,9,2
2020,6,12,10,1
2020,6,12,11,4
2020,6,12,12,4
2020,6,12,13,4
2020,6,12,18,6
2020,6,12,19,3
2020,6,12,22,3
2020,6,13,7,1
2020,6,13,10,3
2020,6,13,11,1
2020,6,13,12,1
2020,6,13,21,1
2020,6,14,3,1
2020,6,14,8,5
2020,6,14,9,16
2020,6,14,12,15
2020,6,14,19,2
2020,6,14,20,1
2020,6,15,0,1
2020,6,15,5,2
2020,6,15,6,16
2020,6,15,7,1
2020,6,15,12,1
2020,6,15,14,1
2020,6,15,15,1
2020,6,16,8,1
2020,6,16,10,1
2020,6,16,22,1
2020,6,17,3,1
2020,6,17,7,1
2020,6,17,8,2
2020,6,17,10,4
2020,6,17,11,12
2020,6,17,12,9
2020,6,17,14,2
2020,6,17,15,10
2020,6,17,16,6
2020,6,17,17,5
2020,6,17,18,4
2020,6,17,20,3
2020,6,17,22,6
2020,6,17,23,5
2020,6,18,9,1
2020,6,18,12,1
2020,6,18,15,6
2020,6,18,21,2
2020,6,19,7,2
2020,6,19,18,1
2020,6,20,1,1
2020,6,20,3,1
2020,6,20,9,1
2020,6,20,15,1
2020,6,20,20,1
2020,6,21,8,1
2020,6,21,11,1
2020,6,21,12,1
2020,6,21,14,12
2020,6,21,17,2
2020,6,22,9,1
2020,6,22,11,1
2020,6,22,15,1
2020,6,22,23,9
2020,6,23,2,2
2020,6,23,3,5
2020,6,23,8,1
2020,6,23,9,10
2020,6,23,12,6
2020,6,23,15,3
2020,6,23,18,1
2020,6,23,19,1
2020,6,23,21,11
2020,6,23,22,5
2020,6,23,23,1
2020,6,24,8,1
2020,6,24,10,4
2020,6,24,12,6
2020,6,24,15,52
2020,6,24,16,2
2020,6,24,18,1
2020,6,24,19,5
2020,6,24,20,6
2020,6,24,21,4
2020,6,24,22,20
2020,6,24,23,3
2020,6,25,8,1
2020,6,25,9,1
2020,6,25,12,2
2020,6,25,13,2
2020,6,26,0,1
2020,6,26,6,1
2020,6,26,7,1
2020,6,26,10,4
2020,6,26,12,1
2020,6,26,14,11
2020,6,26,15,11
2020,6,26,16,13
2020,6,26,17,2
2020,6,26,18,8
2020,6,26,19,2
2020,6,26,21,2
2020,6,27,6,1
2020,6,27,10,4
2020,6,27,11,1
2020,6,27,12,3
2020,6,27,13,4
2020,6,27,14,7
2020,6,27,17,2
2020,6,27,20,2
2020,6,27,23,1
2020,6,28,7,1
2020,6,28,8,1
2020,6,28,13,1
2020,6,28,19,2
2020,6,28,21,1
2020,6,29,1,1
2020,6,29,6,9
2020,6,29,7,2
2020,6,29,8,6
2020,6,29,13,1
2020,6,30,1,12
2020,6,30,2,8
2020,6,30,3,2
2020,6,30,4,4
2020,6,30,10,1
2020,6,30,13,9
2020,6,30,14,5
2020,6,30,15,11
2020,6,30,16,22
2020,6,30,17,15
2020,6,30,18,18
2020,6,30,19,25
2020,6,30,20,26
2020,6,30,21,36
2020,6,30,22,15
2020,6,30,23,8
2020,7,1,6,1
2020,7,1,8,1
2020,7,1,10,1
2020,7,1,12,1
2020,7,1,14,4
2020,7,1,18,1
2020,7,2,0,1
2020,7,2,4,1
2020,7,2,8,1
2020,7,2,9,1
2020,7,2,15,1
2020,7,2,19,1
2020,7,2,20,5
2020,7,2,23,1
2020,7,3,1,4
2020,7,3,9,2
2020,7,4,1,1
2020,7,4,2,3
2020,7,4,5,2
2020,7,4,9,1
2020,7,4,10,1
2020,7,4,11,1
2020,7,5,2,1
2020,7,5,7,1
2020,7,5,10,1
2020,7,5,11,1
2020,7,5,15,1
2020,7,5,20,1
2020,7,6,3,1
2020,7,6,11,5
2020,7,6,13,1
2020,7,6,17,2
2020,7,6,20,4
2020,7,6,22,1
2020,7,7,2,1
2020,7,7,4,4
2020,7,7,5,3
2020,7,7,6,4
2020,7,7,7,2
2020,7,7,15,2
2020,7,8,3,2
2020,7,8,7,2
2020,7,8,20,1
2020,7,9,1,1
2020,7,9,5,5
2020,7,9,9,3
2020,7,9,10,1
2020,7,9,12,1
2020,7,9,18,1
2020,7,9,20,1
2020,7,9,21,1
2020,7,10,8,2
2020,7,11,2,2
2020,7,11,4,4
2020,7,11,5,1
2020,7,11,9,3
2020,7,11,11,1
2020,7,11,13,1
2020,7,11,14,1
2020,7,11,15,1
2020,7,11,16,1
2020,7,11,19,1
2020,7,12,7,4
2020,7,12,10,2
2020,7,12,22,1
2020,7,13,6,1
2020,7,13,7,1
2020,7,13,8,1
2020,7,13,10,5
2020,7,13,11,1
2020,7,13,12,2
2020,7,13,13,3
2020,7,13,14,10
2020,7,13,15,20
2020,7,13,16,2
2020,7,13,17,5
2020,7,13,18,20
2020,7,13,21,2
2020,7,13,23,1
2020,7,14,1,1
2020,7,14,2,10
2020,7,14,15,2
2020,7,14,16,6
2020,7,14,17,1
2020,7,14,20,8
2020,7,14,21,4
2020,7,14,22,3
2020,7,15,2,1
2020,7,15,4,10
2020,7,15,11,11
2020,7,15,12,8
2020,7,15,13,18
2020,7,15,14,1
2020,7,16,8,2
2020,7,16,10,1
2020,7,16,12,4
2020,7,16,18,1
2020,7,16,21,1
2020,7,16,22,3
2020,7,16,23,1
2020,7,17,5,1
2020,7,17,9,1
2020,7,17,14,1
2020,7,17,19,2
2020,7,18,10,2
2020,7,18,12,1
2020,7,18,21,1
2020,7,19,1,1
2020,7,19,11,2
2020,7,19,17,1
2020,7,19,21,1
2020,7,20,1,1
2020,7,20,12,2
2020,7,20,13,1
2020,7,20,16,1
2020,7,20,17,2
2020,7,21,12,5
2020,7,21,14,1
2020,7,21,16,3
2020,7,21,20,1
2020,7,21,22,1
2020,7,22,6,1
2020,7,22,22,1
2020,7,23,6,2
2020,7,23,9,1
2020,7,23,16,1
2020,7,24,10,1
2020,7,24,12,3
2020,7,24,13,11
2020,7,24,14,21
2020,7,24,15,2
2020,7,24,17,20
2020,7,24,18,4
2020,7,25,5,14
2020,7,25,6,4
2020,7,25,7,6
2020,7,25,8,2
2020,7,26,18,2
2020,7,27,6,10
2020,7,27,7,4
2020,7,27,9,2
2020,7,27,11,6
2020,7,27,12,3
2020,7,27,14,2
2020,7,27,18,22
2020,7,28,6,1
2020,7,28,8,2
2020,7,28,9,10
2020,7,28,10,9
2020,7,28,12,14
2020,7,28,13,2
2020,7,28,19,16
2020,7,28,20,4
2020,7,29,2,1
2020,7,29,5,3
2020,7,29,6,34
2020,7,29,7,9
2020,7,29,14,1
2020,7,29,15,1
2020,7,30,12,1
2020,7,30,15,1
2020,7,30,23,1
2020,7,31,23,1
2020,8,1,10,1
2020,8,1,15,1
2020,8,1,16,1
2020,8,1,21,8
2020,8,1,22,1
2020,8,2,8,2
2020,8,2,9,5
2020,8,2,17,1
2020,8,3,8,1
2020,8,3,16,1
2020,8,4,21,1
2020,8,4,22,2
2020,8,5,4,2
2020,8,5,5,1
2020,8,5,7,2
2020,8,5,8,2
2020,8,5,9,2
2020,8,5,18,4
2020,8,5,22,1
2020,8,6,4,1
2020,8,6,6,1
2020,8,6,7,3
2020,8,6,8,3
2020,8,6,9,1
2020,8,6,10,3
2020,8,6,11,1
2020,8,7,1,1
2020,8,7,7,1
2020,8,8,3,3
2020,8,8,11,1
2020,8,9,8,1
2020,8,9,10,1
2020,8,9,12,1
2020,8,9,19,3
2020,8,9,20,5
2020,8,10,11,1
2020,8,10,13,1
2020,8,11,8,1
2020,8,12,0,1
2020,8,12,15,3
2020,8,12,17,1
2020,8,12,19,2
2020,8,12,22,1
2020,8,13,13,1
2020,8,13,14,1
2020,8,13,16,1
2020,8,13,18,1
2020,8,13,19,1
2020,8,15,10,1
2020,8,15,15,1
2020,8,15,16,1
2020,8,16,16,1
2020,8,17,11,1
2020,8,17,13,3
2020,8,17,19,2
2020,8,17,21,1
2020,8,17,22,2
2020,8,19,2,1
2020,8,20,2,1
2020,8,20,10,1
2020,8,21,17,1
2020,8,22,2,1
2020,8,22,11,1
2020,8,22,17,1
2020,8,22,22,1
2020,8,24,4,1
2020,8,25,1,1
2020,8,25,8,5
2020,8,25,9,1
2020,8,25,13,3
2020,8,26,5,1
2020,8,26,11,2
2020,8,26,13,5
2020,8,28,4,1
2020,8,28,19,1
2020,8,29,18,2
2020,8,30,19,1
2020,8,31,6,1
2020,8,31,7,3
2020,8,31,10,1
2020,8,31,15,1
2020,8,31,17,1
2020,8,31,18,4
2020,9,1,12,1
2020,9,2,10,1
2020,9,3,6,1
2020,9,3,9,1
2020,9,4,7,1
2020,9,4,14,1
2020,9,5,10,7
2020,9,5,13,1
2020,9,5,21,2
2020,9,6,8,1
2020,9,7,7,1
2020,9,7,10,2
2020,9,9,8,1
2020,9,10,17,1
2020,9,10,20,2
2020,9,11,23,2
2020,9,12,14,1
2020,9,13,7,1
2020,9,13,15,2
2020,9,14,23,1
2020,9,15,7,1
2020,9,18,15,1
2020,9,19,4,11
2020,9,20,16,3
2020,9,20,17,13
2020,9,21,4,1
2020,9,21,11,1
2020,9,21,12,1
2020,9,22,6,1
2020,9,22,12,1
2020,9,22,16,3
2020,9,22,17,2
2020,9,23,0,2
2020,9,23,15,1
2020,9,23,20,2
2020,9,24,8,1
2020,9,24,11,1
2020,9,25,2,1
2020,9,27,19,1
2020,9,28,9,2
2020,9,28,14,1
2020,9,28,15,2
2020,9,29,21,1
2020,9,30,5,1
2020,9,30,11,2
2020,9,30,14,1
2020,9,30,20,9
2020,10,2,9,2
2020,10,4,0,1
2020,10,4,2,1
2020,10,6,16,1
2020,10,7,4,1
2020,10,7,13,1
2020,10,7,16,1
2020,10,7,17,1
2020,10,9,9,4
2020,10,9,10,7
2020,10,9,11,3
2020,10,9,12,1
2020,10,9,13,15
2020,10,9,19,1
2020,10,9,21,1
2020,10,10,4,6
2020,10,10,5,5
2020,10,10,8,1
2020,10,11,4,1
2020,10,11,10,1
2020,10,11,18,2
2020,10,11,19,1
2020,10,12,7,1
2020,10,12,11,1
2020,10,12,20,1
2020,10,13,2,1
2020,10,13,12,1
2020,10,13,13,4
2020,10,13,14,2
2020,10,13,15,1
2020,10,13,18,1
2020,10,13,22,1
2020,10,13,23,1
2020,10,14,9,1
2020,10,14,10,1
2020,10,14,12,3
2020,10,14,13,1
2020,10,14,14,3
2020,10,15,8,2
2020,10,15,9,2
2020,10,15,16,6
2020,10,16,10,6
2020,10,16,11,3
2020,10,16,15,1
2020,10,17,8,1
2020,10,17,21,12
2020,10,17,22,1
2020,10,18,7,1
2020,10,18,8,2
2020,10,19,13,1
2020,10,19,14,4
2020,10,19,15,2
2020,10,19,18,1
2020,10,19,21,1
2020,10,19,22,1
2020,10,19,23,3
2020,10,20,9,1
2020,10,20,10,1
2020,10,20,14,3
2020,10,20,15,6
2020,10,21,9,2
2020,10,21,17,1
2020,10,21,18,1
2020,10,21,19,1
2020,10,22,8,3
2020,10,22,9,2
2020,10,22,15,1
2020,10,22,16,3
2020,10,22,17,3
2020,10,22,20,1
2020,10,22,21,1
2020,10,23,11,1
2020,10,23,12,1
2020,10,23,20,1
2020,10,23,22,3
2020,10,24,12,1
2020,10,25,0,3
2020,10,25,16,3
2020,10,25,21,1
2020,10,26,0,5
2020,10,26,9,1
2020,10,26,20,1
2020,10,27,1,11
2020,10,27,2,30
2020,10,27,3,2
2020,10,27,4,24
2020,10,27,12,2
2020,10,27,13,5
2020,10,27,14,3
2020,10,27,15,5
2020,10,27,16,2
2020,10,28,1,4
2020,10,28,2,6
2020,10,28,21,5
2020,10,29,12,1
2020,10,29,18,1
2020,10,29,19,1
2020,10,31,23,6
2020,11,1,0,1
2020,11,1,14,1
2020,11,1,20,1
2020,11,1,21,1
2020,11,2,2,1
2020,11,2,6,2
2020,11,2,7,3
2020,11,2,8,6
2020,11,2,9,2
2020,11,2,11,2
2020,11,2,17,2
2020,11,3,7,1
2020,11,3,12,2
2020,11,3,13,2
2020,11,5,22,1
2020,11,7,2,4
2020,11,7,11,2
2020,11,7,14,1
2020,11,7,15,1
2020,11,7,19,11
2020,11,8,22,1
2020,11,10,17,1
2020,11,12,13,3
2020,11,13,9,1
2020,11,13,10,2
2020,11,13,11,2
2020,11,13,12,2
2020,11,13,17,1
2020,11,13,20,2
2020,11,13,22,2
2020,11,14,7,1
2020,11,14,10,1
2020,11,16,6,1
2020,11,16,7,1
2020,11,16,10,1
2020,11,16,13,4
2020,11,16,14,1
2020,11,18,0,1
2020,11,18,15,2
2020,11,18,20,1
2020,11,18,21,2
2020,11,20,18,3
2020,11,21,19,1
2020,11,22,14,2
2020,11,23,2,5
2020,11,24,6,2
2020,11,24,7,2
2020,11,24,8,2
2020,11,24,11,1
2020,11,24,12,2
2020,11,25,7,1
2020,11,25,10,1
2020,11,25,11,1
2020,11,26,3,1
2020,11,28,13,12
2020,11,28,16,1
2020,11,28,22,1
2020,11,28,23,6
2020,11,29,4,3
2020,11,29,12,1
2020,11,29,19,1
2020,11,30,4,2
2020,11,30,14,3
2020,11,30,22,1
2020,12,1,5,2
2020,12,1,9,3
2020,12,1,10,1
2020,12,1,11,1
2020,12,1,13,2
2020,12,1,15,2
2020,12,1,18,2
2020,12,5,21,1
2020,12,7,6,2
2020,12,7,10,1
2020,12,7,13,1
2020,12,10,12,3
2020,12,10,13,1
2020,12,10,18,1
2020,12,12,17,1
2020,12,12,20,1
2020,12,15,0,1
2020,12,15,7,1
2020,12,17,17,2
2020,12,17,22,1
2020,12,19,21,1
2020,12,21,19,3
2020,12,22,9,1
2020,12,23,16,4
2020,12,23,18,7
2020,12,26,0,1
2020,12,26,8,3
2020,12,26,15,5
2020,12,27,5,3
2020,12,27,16,1
2020,12,27,17,1
2020,12,27,20,1
2020,12,27,23,3
2020,12,28,20,1
2020,12,28,21,1
2020,12,29,11,1
2020,12,29,17,1
2020,12,29,20,1
2020,12,30,0,2
2020,12,31,4,1
2021,1,1,2,1
2021,1,1,14,1
2021,1,2,9,1
2021,1,2,19,3
2021,1,2,20,1
2021,1,2,23,1
2021,1,3,19,2
2021,1,3,21,1
2021,1,4,15,3
2021,1,4,16,2
2021,1,5,4,1
2021,1,6,11,1
2021,1,6,12,1
2021,1,6,20,1
2021,1,7,14,3
2021,1,9,15,35
2021,1,10,12,2
2021,1,12,22,2
2021,1,13,19,1
2021,1,15,14,1
2021,1,16,11,1
2021,1,16,12,2
2021,1,16,13,5
2021,1,17,15,3
2021,1,19,8,1
2021,1,21,11,1
2021,1,23,1,4
2021,1,24,12,1
2021,1,24,20,1
2021,1,26,14,6
2021,1,27,15,1
2021,1,27,21,1
2021,1,28,0,3
2021,1,28,8,1
2021,1,28,18,1
2021,1,30,13,2
2021,1,30,19,4
2021,2,1,10,1
2021,2,1,12,1
2021,2,2,10,17
2021,2,2,11,17
2021,2,2,23,2
2021,2,3,1,1
2021,2,3,13,2
2021,2,4,11,1
2021,2,4,12,1
2021,2,4,23,1
2021,2,5,8,1
2021,2,5,11,2
2021,2,5,20,1
2021,2,6,5,2
2021,2,6,13,2
2021,2,6,14,11
2021,2,6,16,6
2021,2,6,17,3
2021,2,7,15,2
2021,2,7,21,1
2021,2,8,22,1
2021,2,9,18,1
2021,2,9,19,1
2021,2,11,21,2
2021,2,12,6,3
2021,2,12,9,2
2021,2,12,10,4
2021,2,12,19,2
2021,2,13,6,2
2021,2,13,10,2
2021,2,13,12,1
2021,2,13,15,1
2021,2,13,22,9
2021,2,14,10,25
2021,2,14,11,6
2021,2,15,15,2
2021,2,15,16,5
2021,2,16,2,1
2021,2,16,11,7
2021,2,16,12,13
2021,2,16,13,11
2021,2,16,15,1
2021,2,16,17,1
2021,2,17,9,13
2021,2,17,10,4
2021,2,17,11,4
2021,2,18,7,4
2021,2,18,9,1
2021,2,18,19,1
2021,2,19,10,2
2021,2,19,12,1
2021,2,19,13,8
2021,2,19,14,9
2021,2,19,15,18
2021,2,19,16,1
2021,2,19,19,5
2021,2,19,20,6
2021,2,19,21,5
2021,2,19,22,1
2021,2,19,23,3
2021,2,20,7,1
2021,2,20,10,4
2021,2,20,11,11
2021,2,20,12,4
2021,2,20,13,18
2021,2,20,14,1
2021,2,20,15,1
2021,2,20,16,3
2021,2,20,17,15
2021,2,20,18,1
2021,2,21,12,10
2021,2,21,13,1
2021,2,21,14,2
2021,2,21,19,1
2021,2,21,20,2
2021,2,22,19,1
2021,2,22,21,1
2021,2,23,11,2
2021,2,23,13,4
2021,2,23,21,4
2021,2,24,6,3
2021,2,24,7,14
2021,2,24,8,7
2021,2,24,9,5
2021,2,24,10,6
2021,2,24,15,1
2021,2,24,16,2
2021,2,24,17,15
2021,2,24,19,8
2021,2,24,23,1
2021,2,25,11,4
2021,2,25,12,1
2021,2,25,13,2
2021,2,25,18,4
2021,2,26,3,9
2021,2,26,7,1
2021,2,26,19,1
2021,2,28,8,6
2021,3,2,1,1
2021,3,2,5,1
2021,3,2,8,1
2021,3,2,10,1
2021,3,2,18,1
2021,3,3,1,1
2021,3,3,11,1
2021,3,3,22,4
2021,3,3,23,2
2021,3,4,5,2
2021,3,4,15,1
2021,3,4,17,1
2021,3,5,4,1
2021,3,5,19,1
2021,3,6,23,1
2021,3,7,17,1
2021,3,10,11,2
2021,3,10,13,3
2021,3,10,14,2
2021,3,11,1,1
2021,3,11,8,2
2021,3,11,12,3
2021,3,12,11,1
2021,3,12,19,1
2021,3,13,10,1
2021,3,14,15,2
2021,3,15,19,1
2021,3,17,6,1
2021,3,20,21,1
2021,3,21,14,1
2021,3,21,15,1
2021,3,22,10,1
2021,3,24,5,4
2021,3,24,22,1
2021,3,26,11,1
2021,3,29,0,12
2021,3,29,1,3
2021,3,29,4,3
2021,3,29,10,1
2021,3,29,11,1
2021,3,29,12,1
2021,3,29,21,8
2021,4,1,23,1
2021,4,3,21,4
2021,4,5,0,2
2021,4,5,22,1
2021,4,6,2,13
2021,4,6,4,1
2021,4,6,18,1
2021,4,8,8,1
2021,4,9,13,2
2021,4,10,3,1
2021,4,10,16,1
2021,4,10,17,1
2021,4,10,19,3
2021,4,11,12,1
2021,4,11,14,2
2021,4,11,19,1
2021,4,12,15,1
2021,4,12,17,1
2021,4,12,18,4
2021,4,13,5,1
2021,4,13,9,1
2021,4,13,20,3
2021,4,16,15,1
2021,4,17,19,1
2021,4,18,12,2
2021,4,20,8,1
2021,4,20,14,1
2021,4,20,15,1
2021,4,20,16,1
2021,4,21,12,2
2021,4,21,22,1
2021,4,22,13,2
2021,4,22,14,1
2021,4,22,20,1
2021,4,23,9,1
2021,4,23,14,1
2021,4,24,3,1
2021,4,26,12,1
2021,4,26,15,1
2021,4,29,14,3
2021,4,29,18,1
2021,4,29,20,5
2021,4,29,22,1
2021,4,29,23,1
2021,4,30,1,2
2021,4,30,19,1
2021,4,30,22,1
2021,5,1,7,5
2021,5,1,8,4
2021,5,1,17,1
2021,5,2,16,1
2021,5,3,10,1
2021,5,5,19,3
2021,5,5,20,2
2021,5,6,3,5
2021,5,6,14,1
2021,5,6,15,9
2021,5,6,16,6
2021,5,6,17,10
2021,5,6,18,14
2021,5,6,21,2
2021,5,6,23,1
2021,5,7,4,1
2021,5,7,14,3
2021,5,8,0,2
2021,5,8,10,2
2021,5,8,16,3
2021,5,9,21,1
2021,5,11,20,2
2021,5,11,21,3
2021,5,12,8,1
2021,5,13,12,10
2021,5,13,23,1
2021,5,15,11,1
2021,5,16,13,1
2021,5,17,16,1
2021,5,17,22,2
2021,5,19,9,1
2021,5,19,11,1
2021,5,19,18,2
2021,5,19,20,1
